{
    "loss": 54.15578079223633,
    "accuracy": 0.9946659803390503
}